0,0,0,0,0,0,0,0,0,0,0,0.25,0.25,0,0,0,0.25,0.25,0,0
0,0,0,0,0,0,0,0,0,0,0,0.4166666667,0.08333333333,0,0,0,0.4166666667,0.08333333333,0,0
0,0,0,0,0,0,0,0,0,0,0.08333333333,0.4166666667,0,0,0,0.08333333333,0.4166666667,0,0,0
0,0,0,0,0,0,0,0,0,0,0.25,0.25,0,0,0,0.25,0.25,0,0,0
0,0,0,0,0,0,0,0,0,0,0,0.3981481481,0.3981481481,0,0,0,0.1018518519,0.1018518519,0,0
0,0,0,0,0,0,0,0,0,0,0,0.6759259259,0.1327160494,0,0,0,0.1697530864,0.02160493827,0,0
0,0,0,0,0,0,0,0,0,0,0.1388888889,0.6820987654,0,0,0,0.04012345679,0.1388888889,0,0,0
0,0,0,0,0,0,0,0,0,0,0.4166666667,0.4166666667,0,0,0,0.08333333333,0.08333333333,0,0,0
0.002462277092,-0.01118655693,-0.008984910837,0.000987654321,-0.006237997257,0.01117626886,0.0478600823,-0.007956104252,0.00146090535,0.1532304527,0.0121090535,0.3455624143,0.3733950617,0.03140946502,-0.009814814815,0.00329218107,0.02171124829,0.04364197531,-0.006580932785,0.002462277092
0.00140877915,-0.006917695473,-0.005322359396,0.0005925925926,-0.00662345679,-0.002622085048,0.02494375857,-0.005322359396,0.01527983539,0.1853539095,0.03607201646,0.5392304527,0.1853539095,-0.002622085048,-0.006917695473,0.001975308642,0.03607201646,0.01527983539,-0.00662345679,0.00140877915
0,0,0,0,0,0,0,0,0.02160493827,0.1327160494,0.1697530864,0.6759259259,0,0,0,0,0,0,0,0
0,0,0,0,0,0,0,0,0.08333333333,0.08333333333,0.4166666667,0.4166666667,0,0,0,0,0,0,0,0
0.004218106996,-0.01601508916,-0.0133744856,0.001646090535,-0.008453360768,0.05646433471,0.09588477366,-0.0133744856,0.01169410151,0.2924211248,0.00372085048,0.2356310014,0.2924211248,0.05646433471,-0.01601508916,0.00548696845,0.00372085048,0.01169410151,-0.008453360768,0.004218106996
0.002462277092,-0.009814814815,-0.007956104252,0.000987654321,-0.006580932785,0.03140946502,0.0478600823,-0.008984910837,0.04364197531,0.3733950617,0.02171124829,0.3455624143,0.1532304527,0.01117626886,-0.01118655693,0.00329218107,0.0121090535,0.00146090535,-0.006237997257,0.002462277092
0,0,0,0,0,0,0,0,0.1018518519,0.3981481481,0.1018518519,0.3981481481,0,0,0,0,0,0,0,0
0,0,0,0,0,0,0,0,0.25,0.25,0.25,0.25,0,0,0,0,0,0,0,0
0,0,0,0,0,0,0,0,0,0,0,0.0625,0.375,0.0625,0,0,0.0625,0.375,0.0625,0
0,0,0,0,0,0,0,0,0,0,0,0.1041666667,0.375,0.02083333333,0,0,0.1041666667,0.375,0.02083333333,0
0,0,0,0,0,0,0,0,0,0,0,0.1666666667,0.3333333333,0,0,0,0.1666666667,0.3333333333,0,0
0,0,0,0,0,0,0,0,0,0,0,0.25,0.25,0,0,0,0.25,0.25,0,0
0,0,0,0,0,0,0,0,0,0,0,0.09722222222,0.5833333333,0.09722222222,0,0,0.02777777778,0.1666666667,0.02777777778,0
0,0,0,0,0,0,0,0,0,0,0,0.1612654321,0.587962963,0.03472222222,0,0,0.04398148148,0.162037037,0.0100308642,0
0,0,0,0,0,0,0,0,0,0,0,0.2592592593,0.5308641975,0,0,0,0.06790123457,0.1419753086,0,0
0,0,0,0,0,0,0,0,0,0,0,0.3981481481,0.3981481481,0,0,0,0.1018518519,0.1018518519,0,0
0.003555555556,-0.01440740741,-0.01351851852,0.001333333333,-0.006222222222,0.02862962963,0.07618518519,-0.008888888889,-0.008444444444,0.09644444444,-0.006222222222,0.1021574074,0.5200555556,0.1501574074,-0.009777777778,0.004444444444,0.006509259259,0.06794444444,0.006509259251,0.003555555559
0.003555555556,-0.0149218107,-0.01248971193,0.001333333333,-0.006029320988,0.0245787037,0.07001234568,-0.009917695473,-0.007672839506,0.1157345679,-0.004100308642,0.1610565844,0.5219845679,0.08733590535,-0.01170679012,0.004444444444,0.009788580247,0.0660154321,-0.002428497942,0.003426954731
0.002989026063,-0.01332098765,-0.01081618656,0.001185185185,-0.00604526749,0.01807544582,0.05931824417,-0.00927297668,-0.005448559671,0.1371687243,0.0001275720165,0.2487283951,0.4674156379,0.04842524005,-0.01126337449,0.003950617284,0.0145308642,0.05782304527,-0.006559670781,0.002989026068
0.002462277092,-0.01118655693,-0.008984910837,0.000987654321,-0.006237997257,0.01117626886,0.0478600823,-0.007956104252,0.00146090535,0.1532304527,0.0121090535,0.3455624143,0.3733950617,0.03140946502,-0.009814814815,0.00329218107,0.02171124829,0.04364197531,-0.006580932785,0.002462277096
0.005925925926,-0.02092592593,-0.01944444444,0.002222222222,-0.01037037037,0.08166666667,0.1609259259,-0.01481481481,-0.01407407407,0.1607407407,-0.01037037037,0.09310185185,0.4037962963,0.1731018519,-0.0162962963,0.007407407407,-0.004583333333,0.02064814815,-0.004583333331,0.005925925922
0.005925925926,-0.02144032922,-0.01841563786,0.002222222222,-0.01004886831,0.07903034979,0.1436934156,-0.01661522634,-0.01098765432,0.2016358025,-0.008891460905,0.1296244856,0.4049537037,0.1176105967,-0.01925411523,0.007407407407,-0.003233024691,0.01949074074,-0.008505658436,0.005797325101
0.005096021948,-0.01911522634,-0.01608367627,0.001975308642,-0.00938957476,0.06899176955,0.1198971193,-0.01556927298,-0.004279835391,0.2519341564,-0.005274348422,0.1806652949,0.3620164609,0.07910836763,-0.01842935528,0.00658436214,-0.0004732510288,0.01681069959,-0.009561042524,0.005096021942
0.004218106996,-0.01601508916,-0.0133744856,0.001646090535,-0.008453360768,0.05646433471,0.09588477366,-0.0133744856,0.01169410151,0.2924211248,0.00372085048,0.2356310014,0.2924211248,0.05646433471,-0.01601508916,0.00548696845,0.00372085048,0.01169410151,-0.008453360768,0.004218106996
0,0,0,0,0,0,0,0,0,0,0,0,0.25,0.25,0,0,0,0.25,0.25,0
0,0,0,0,0,0,0,0,0,0,0,0,0.3333333333,0.1666666667,0,0,0,0.3333333333,0.1666666667,0
0,0,0,0,0,0,0,0,0,0,0,0.02083333333,0.375,0.1041666667,0,0,0.02083333333,0.375,0.1041666667,0
0,0,0,0,0,0,0,0,0,0,0,0.0625,0.375,0.0625,0,0,0.0625,0.375,0.0625,0
0,0,0,0,0,0,0,0,0,0,0,0,0.3796296296,0.3796296296,0,0,0,0.1203703704,0.1203703704,0
0,0,0,0,0,0,0,0,0,0,0,0,0.512345679,0.2530864198,0,0,0,0.1604938272,0.07407407407,0
0,0,0,0,0,0,0,0,0,0,0,0.03317901235,0.5787037037,0.1597222222,0,0,0.01157407407,0.1712962963,0.04552469136,0
0,0,0,0,0,0,0,0,0,0,0,0.09722222222,0.5833333333,0.09722222222,0,0,0.02777777778,0.1666666667,0.02777777778,0
0.002633744856,-0.01032921811,-0.01275720165,0.0006447187929,-0.004866255144,0.0262654321,0.08969821674,-0.002469135802,-0.007283950617,0.04572016461,-0.007438271605,0.001941015089,0.3656790123,0.3928635117,0.009903978052,0.00329218107,0.0001063100137,0.05135802469,0.05068930041,0.004348422497
0.003160493827,-0.01229218107,-0.01390260631,0.001013717421,-0.005788065844,0.03067832647,0.08761042524,-0.006186556927,-0.008534979424,0.06000823045,-0.008360082305,0.01184567901,0.4596995885,0.3009972565,-0.003547325103,0.003950617284,0.0001275720165,0.06553909465,0.03047736626,0.003503429355
0.003555555556,-0.01389300412,-0.0145473251,0.001333333333,-0.006415123457,0.03268055556,0.08235802469,-0.007860082305,-0.009216049383,0.07715432099,-0.008344135802,0.04325823045,0.5181265432,0.2129789095,-0.007848765432,0.004444444444,0.003229938272,0.06987345679,0.01544701646,0.003684156379
0.003555555556,-0.01440740741,-0.01351851852,0.001333333333,-0.006222222222,0.02862962963,0.07618518519,-0.008888888889,-0.008444444444,0.09644444444,-0.006222222222,0.1021574074,0.5200555556,0.1501574074,-0.009777777778,0.004444444444,0.006509259259,0.06794444444,0.006509259259,0.003555555556
0.00438957476,-0.01515775034,-0.01714677641,0.001303155007,-0.00811042524,0.0636659808,0.1994513032,-0.001028806584,-0.01454046639,0.06454046639,-0.009653635117,0.02301097394,0.2877914952,0.3723079561,0.00987654321,0.00548696845,-0.005538408779,0.01632373114,0.01760973937,0.005418381344
0.005267489712,-0.01808641975,-0.01917009602,0.001803840878,-0.009646776406,0.07593621399,0.1924279835,-0.009396433471,-0.0166255144,0.08835390947,-0.01118998628,0.03380315501,0.3573868313,0.3018449931,-0.006598079561,0.00658436214,-0.006646090535,0.02144032922,0.006899862826,0.00561042524
0.005925925926,-0.02041152263,-0.02047325103,0.002222222222,-0.01069187243,0.08430298354,0.1781584362,-0.01301440329,-0.01716049383,0.119845679,-0.01184927984,0.05657921811,0.4026388889,0.228593107,-0.01333847737,0.007407407407,-0.005933641975,0.02180555556,-0.0006610082305,0.006054526749
0.005925925926,-0.02092592593,-0.01944444444,0.002222222222,-0.01037037037,0.08166666667,0.1609259259,-0.01481481481,-0.01407407407,0.1607407407,-0.01037037037,0.09310185185,0.4037962963,0.1731018519,-0.0162962963,0.007407407407,-0.004583333333,0.02064814815,-0.004583333333,0.005925925926
0,0,0,0,0,0,0,0,0,0,0,0,0,0.25,0.25,0,0,0,0.25,0.25
0,0,0,0,0,0,0,0,0,0,0,0,0,0.4166666667,0.08333333333,0,0,0,0.4166666667,0.08333333333
0,0,0,0,0,0,0,0,0,0,0,0,0.08333333333,0.4166666667,0,0,0,0.08333333333,0.4166666667,0
0,0,0,0,0,0,0,0,0,0,0,0,0.25,0.25,0,0,0,0.25,0.25,0
0,0,0,0,0,0,0,0,0,0,0,0,0,0.3611111111,0.3611111111,0,0,0,0.1388888889,0.1388888889
0,0,0,0,0,0,0,0,0,0,0,0,0,0.6018518519,0.1327160494,0,0,0,0.2191358025,0.0462962963
0,0,0,0,0,0,0,0,0,0,0,0,0.1141975309,0.6327160494,0,0,0,0.04012345679,0.212962963,0
0,0,0,0,0,0,0,0,0,0,0,0,0.3796296296,0.3796296296,0,0,0,0.1203703704,0.1203703704,0
0,0,0,0,0,0,0.03703703704,0.03703703704,0,0,0,0,0,0.3981481481,0.3981481481,0,0,0,0.06481481481,0.06481481481
0,0,0,0,0,0,0.0658436214,0.01646090535,0,0,0,0,0,0.6409465021,0.1512345679,0,0,0,0.1018518519,0.02366255144
0.001580246914,-0.006403292181,-0.01046639232,-9.327846365e-05,-0.003022633745,0.01743964335,0.09387379973,0.004965706447,-0.004781893004,0.01714403292,-0.005594650206,-0.01786831276,0.1776378601,0.5765960219,0.03680658436,0.001975308642,6.378600823e-05,0.02299588477,0.09111316872,0.006038408779
0.002633744856,-0.01032921811,-0.01275720165,0.0006447187929,-0.004866255144,0.0262654321,0.08969821674,-0.002469135802,-0.007283950617,0.04572016461,-0.007438271605,0.001941015089,0.3656790123,0.3928635117,0.009903978052,0.00329218107,0.0001063100137,0.05135802469,0.05068930041,0.004348422497
0,0,0,0,0,0,0.1111111111,0.1111111111,0,0,0,0,0,0.3611111111,0.3611111111,0,0,0,0.02777777778,0.02777777778
0,0,0,0,0,0,0.1769547325,0.04526748971,0,0,0,0,0,0.5751028807,0.1471193416,0,0,0,0.04423868313,0.01131687243
0.002633744856,-0.009300411523,-0.01310013717,0.0003017832647,-0.005037722908,0.0391255144,0.2134979424,0.01570644719,-0.01037037037,0.01691358025,-0.006580932785,0.001426611797,0.148600823,0.513233882,0.04282578875,0.00329218107,-0.003323045267,0.006090534979,0.03902949246,0.005034293553
0.00438957476,-0.01515775034,-0.01714677641,0.001303155007,-0.00811042524,0.0636659808,0.1994513032,-0.001028806584,-0.01454046639,0.06454046639,-0.009653635117,0.02301097394,0.2877914952,0.3723079561,0.00987654321,0.00548696845,-0.005538408779,0.01632373114,0.01760973937,0.005418381344
0.004218106996,-0.01601508916,-0.0133744856,0.001646090535,-0.008453360768,0.05646433471,0.09588477366,-0.0133744856,0.01169410151,0.2924211248,0.00372085048,0.2356310014,0.2924211248,0.05646433471,-0.01601508916,0.00548696845,0.00372085048,0.01169410151,-0.008453360768,0.004218106996
0.002462277092,-0.009814814815,-0.007956104252,0.000987654321,-0.006580932785,0.03140946502,0.0478600823,-0.008984910837,0.04364197531,0.3733950617,0.02171124829,0.3455624143,0.1532304527,0.01117626886,-0.01118655693,0.00329218107,0.0121090535,0.00146090535,-0.006237997257,0.002462277092
0,0,0,0,0,0,0,0,0.1018518519,0.3981481481,0.1018518519,0.3981481481,0,0,0,0,0,0,0,0
0,0,0,0,0,0,0,0,0.25,0.25,0.25,0.25,0,0,0,0,0,0,0,0
0.005096021948,-0.01842935528,-0.01556927298,0.001975308642,-0.009561042524,0.07910836763,0.1198971193,-0.01608367627,0.01681069959,0.3620164609,-0.0004732510288,0.1806652949,0.2519341564,0.06899176955,-0.01911522634,0.00658436214,-0.005274348422,-0.004279835391,-0.00938957476,0.005096021948
0.002989026063,-0.01126337449,-0.00927297668,0.001185185185,-0.006559670782,0.04842524005,0.05931824417,-0.01081618656,0.05782304527,0.4674156379,0.0145308642,0.2487283951,0.1371687243,0.01807544582,-0.01332098765,0.003950617284,0.0001275720165,-0.005448559671,-0.00604526749,0.002989026063
0,0,0,0,0,0,0,0,0.1419753086,0.5308641975,0.06790123457,0.2592592593,0,0,0,0,0,0,0,0
0,0,0,0,0,0,0,0,0.3333333333,0.3333333333,0.1666666667,0.1666666667,0,0,0,0,0,0,0,0
0.005797325103,-0.01925411523,-0.01661522634,0.002222222222,-0.008505658436,0.1176105967,0.1436934156,-0.01841563786,0.01949074074,0.4049537037,-0.003233024691,0.1296244856,0.2016358025,0.07903034979,-0.02144032922,0.007407407407,-0.008891460905,-0.01098765432,-0.01004886831,0.005925925926
0.003426954733,-0.01170679012,-0.009917695473,0.001333333333,-0.002428497942,0.08733590535,0.07001234568,-0.01248971193,0.0660154321,0.5219845679,0.009788580247,0.1610565844,0.1157345679,0.0245787037,-0.0149218107,0.004444444444,-0.004100308642,-0.007672839506,-0.006029320988,0.003555555556
0,0,0,0,0.0100308642,0.03472222222,0,0,0.162037037,0.587962963,0.04398148148,0.1612654321,0,0,0,0,0,0,0,0
0,0,0,0,0.02083333333,0.02083333333,0,0,0.375,0.375,0.1041666667,0.1041666667,0,0,0,0,0,0,0,0
0.005925925926,-0.0162962963,-0.01481481481,0.002222222222,-0.004583333333,0.1731018519,0.1609259259,-0.01944444444,0.02064814815,0.4037962963,-0.004583333333,0.09310185185,0.1607407407,0.08166666667,-0.02092592593,0.007407407407,-0.01037037037,-0.01407407407,-0.01037037037,0.005925925926
0.003555555556,-0.009777777778,-0.008888888889,0.001333333333,0.006509259259,0.1501574074,0.07618518519,-0.01351851852,0.06794444444,0.5200555556,0.006509259259,0.1021574074,0.09644444444,0.02862962963,-0.01440740741,0.004444444444,-0.006222222222,-0.008444444444,-0.006222222222,0.003555555556
0,0,0,0,0.02777777778,0.09722222222,0,0,0.1666666667,0.5833333333,0.02777777778,0.09722222222,0,0,0,0,0,0,0,0
0,0,0,0,0.0625,0.0625,0,0,0.375,0.375,0.0625,0.0625,0,0,0,0,0,0,0,0
0.005925925926,-0.02092592593,-0.01944444444,0.002222222222,-0.01037037037,0.08166666667,0.1609259259,-0.01481481481,-0.01407407407,0.1607407407,-0.01037037037,0.09310185185,0.4037962963,0.1731018519,-0.0162962963,0.007407407407,-0.004583333333,0.02064814815,-0.004583333333,0.005925925926
0.005925925926,-0.02144032922,-0.01841563786,0.002222222222,-0.01004886831,0.07903034979,0.1436934156,-0.01661522634,-0.01098765432,0.2016358025,-0.008891460905,0.1296244856,0.4049537037,0.1176105967,-0.01925411523,0.007407407407,-0.003233024691,0.01949074074,-0.008505658436,0.005797325103
0.005096021948,-0.01911522634,-0.01608367627,0.001975308642,-0.00938957476,0.06899176955,0.1198971193,-0.01556927298,-0.004279835391,0.2519341564,-0.005274348422,0.1806652949,0.3620164609,0.07910836763,-0.01842935528,0.00658436214,-0.0004732510288,0.01681069959,-0.009561042524,0.005096021948
0.004218106996,-0.01601508916,-0.0133744856,0.001646090535,-0.008453360768,0.05646433471,0.09588477366,-0.0133744856,0.01169410151,0.2924211248,0.00372085048,0.2356310014,0.2924211248,0.05646433471,-0.01601508916,0.00548696845,0.00372085048,0.01169410151,-0.008453360768,0.004218106996
0.007111111111,-0.02418518519,-0.02240740741,0.002666666667,-0.01244444444,0.1081851852,0.2032962963,-0.01777777778,-0.01688888889,0.1928888889,-0.01244444444,0.08857407407,0.3456666667,0.1845740741,-0.01955555556,0.008888888889,-0.01012962963,-0.003,-0.01012962963,0.007111111111
0.007111111111,-0.02469958848,-0.02137860082,0.002666666667,-0.01205864198,0.1062561728,0.1805339506,-0.01996399177,-0.01264506173,0.2445864198,-0.01128703704,0.1139084362,0.3464382716,0.1327479424,-0.02302777778,0.008888888889,-0.00974382716,-0.003771604938,-0.01154423868,0.006982510288
0.00614951989,-0.02201234568,-0.01871742112,0.00237037037,-0.0110617284,0.09444993141,0.1501865569,-0.01871742112,-0.003695473251,0.3093168724,-0.007975308642,0.1466337449,0.3093168724,0.09444993141,-0.02201234568,0.007901234568,-0.007975308642,-0.003695473251,-0.0110617284,0.00614951989
0.005096021948,-0.01842935528,-0.01556927298,0.001975308642,-0.009561042524,0.07910836763,0.1198971193,-0.01608367627,0.01681069959,0.3620164609,-0.0004732510288,0.1806652949,0.2519341564,0.06899176955,-0.01911522634,0.00658436214,-0.005274348422,-0.004279835391,-0.00938957476,0.005096021948
0.008,-0.02547222222,-0.02347222222,0.003,-0.014,0.1408055556,0.2478055556,-0.02,-0.019,0.217,-0.014,0.08054861111,0.2742916667,0.1885486111,-0.022,0.01,-0.01313194444,-0.01379166667,-0.01313194444,0.008
0.008,-0.02585802469,-0.02270061728,0.003,-0.01337307099,0.1426863426,0.2180987654,-0.02270061728,-0.01408101852,0.2745810185,-0.01298726852,0.09636651235,0.2745810185,0.1426863426,-0.02585802469,0.01,-0.01298726852,-0.01408101852,-0.01337307099,0.008
0.006982510288,-0.02302777778,-0.01996399177,0.002666666667,-0.01154423868,0.1327479424,0.1805339506,-0.02137860082,-0.003771604938,0.3464382716,-0.00974382716,0.1139084362,0.2445864198,0.1062561728,-0.02469958848,0.008888888889,-0.01128703704,-0.01264506173,-0.01205864198,0.007111111111
0.005797325103,-0.01925411523,-0.01661522634,0.002222222222,-0.008505658436,0.1176105967,0.1436934156,-0.01841563786,0.01949074074,0.4049537037,-0.003233024691,0.1296244856,0.2016358025,0.07903034979,-0.02144032922,0.007407407407,-0.008891460905,-0.01098765432,-0.01004886831,0.005925925926
0.008,-0.022,-0.02,0.003,-0.014,0.179,0.286,-0.02,-0.019,0.217,-0.014,0.071,0.217,0.179,-0.022,0.01,-0.014,-0.019,-0.014,0.008
0.008,-0.022,-0.02,0.003,-0.01313194444,0.1885486111,0.2478055556,-0.02347222222,-0.01379166667,0.2742916667,-0.01313194444,0.08054861111,0.217,0.1408055556,-0.02547222222,0.01,-0.014,-0.019,-0.014,0.008
0.007111111111,-0.01955555556,-0.01777777778,0.002666666667,-0.01012962963,0.1845740741,0.2032962963,-0.02240740741,-0.003,0.3456666667,-0.01012962963,0.08857407407,0.1928888889,0.1081851852,-0.02418518519,0.008888888889,-0.01244444444,-0.01688888889,-0.01244444444,0.007111111111
0.005925925926,-0.0162962963,-0.01481481481,0.002222222222,-0.004583333333,0.1731018519,0.1609259259,-0.01944444444,0.02064814815,0.4037962963,-0.004583333333,0.09310185185,0.1607407407,0.08166666667,-0.02092592593,0.007407407407,-0.01037037037,-0.01407407407,-0.01037037037,0.005925925926
0.00438957476,-0.01515775034,-0.01714677641,0.001303155007,-0.00811042524,0.0636659808,0.1994513032,-0.001028806584,-0.01454046639,0.06454046639,-0.009653635117,0.02301097394,0.2877914952,0.3723079561,0.00987654321,0.00548696845,-0.005538408779,0.01632373114,0.01760973937,0.005418381344
0.005267489712,-0.01808641975,-0.01917009602,0.001803840878,-0.009646776406,0.07593621399,0.1924279835,-0.009396433471,-0.0166255144,0.08835390947,-0.01118998628,0.03380315501,0.3573868313,0.3018449931,-0.006598079561,0.00658436214,-0.006646090535,0.02144032922,0.006899862826,0.00561042524
0.005925925926,-0.02041152263,-0.02047325103,0.002222222222,-0.01069187243,0.08430298354,0.1781584362,-0.01301440329,-0.01716049383,0.119845679,-0.01184927984,0.05657921811,0.4026388889,0.228593107,-0.01333847737,0.007407407407,-0.005933641975,0.02180555556,-0.0006610082305,0.006054526749
0.005925925926,-0.02092592593,-0.01944444444,0.002222222222,-0.01037037037,0.08166666667,0.1609259259,-0.01481481481,-0.01407407407,0.1607407407,-0.01037037037,0.09310185185,0.4037962963,0.1731018519,-0.0162962963,0.007407407407,-0.004583333333,0.02064814815,-0.004583333333,0.005925925926
0.005267489712,-0.01757201646,-0.01934156379,0.001632373114,-0.009732510288,0.08236625514,0.2543278464,-0.0003086419753,-0.01816872428,0.07395061728,-0.01076131687,0.03354595336,0.2488477366,0.3620301783,0.009862825789,0.00658436214,-0.008360768176,-0.001193415638,0.001069958848,0.005953360768
0.006320987654,-0.02098353909,-0.02180384088,0.002198902606,-0.01157613169,0.09856515775,0.2448367627,-0.01100137174,-0.02067078189,0.102526749,-0.01260493827,0.044781893,0.3062304527,0.3022688615,-0.00812345679,0.007901234568,-0.01003292181,-0.0006090534979,-0.004888888889,0.006663923182
0.007111111111,-0.02367078189,-0.02343621399,0.002666666667,-0.01283024691,0.1101141975,0.226058642,-0.01559156379,-0.02113271605,0.141191358,-0.01360185185,0.06323971193,0.3448950617,0.2364002058,-0.01608333333,0.008888888889,-0.0105154321,-0.002228395062,-0.008715020576,0.007239711934
0.007111111111,-0.02418518519,-0.02240740741,0.002666666667,-0.01244444444,0.1081851852,0.2032962963,-0.01777777778,-0.01688888889,0.1928888889,-0.01244444444,0.08857407407,0.3456666667,0.1845740741,-0.01955555556,0.008888888889,-0.01012962963,-0.003,-0.01012962963,0.007111111111
0.005925925926,-0.01861111111,-0.01944444444,0.001965020576,-0.01120627572,0.1015354938,0.3149897119,0.002160493827,-0.02063271605,0.08396604938,-0.01172067901,0.039218107,0.2004783951,0.3362319959,0.009423868313,0.007407407407,-0.01004886831,-0.009830246914,-0.007734053498,0.005925925926
0.007111111111,-0.02225617284,-0.02227880658,0.002538065844,-0.01328034979,0.122524177,0.3020617284,-0.01134773663,-0.02344753086,0.1161141975,-0.01379475309,0.05044393004,0.2434290123,0.2898981481,-0.009267489712,0.008888888889,-0.01205864198,-0.01148765432,-0.01090123457,0.007111111111
0.008,-0.02508641975,-0.02424382716,0.003,-0.01462692901,0.1389247685,0.2775123457,-0.01729938272,-0.02391898148,0.1594189815,-0.01501273148,0.06473070988,0.2740023148,0.2344108796,-0.01814197531,0.01,-0.01327662037,-0.01350231481,-0.0128908179,0.008
0.008,-0.02547222222,-0.02347222222,0.003,-0.014,0.1408055556,0.2478055556,-0.02,-0.019,0.217,-0.014,0.08054861111,0.2742916667,0.1885486111,-0.022,0.01,-0.01313194444,-0.01379166667,-0.01313194444,0.008
0.005925925926,-0.0162962963,-0.01481481481,0.002222222222,-0.01152777778,0.1198611111,0.3738888889,0.008333333333,-0.02101851852,0.08435185185,-0.01152777778,0.03986111111,0.1607407407,0.2946296296,0.006851851852,0.007407407407,-0.01037037037,-0.01407407407,-0.01037037037,0.005925925926
0.007111111111,-0.01955555556,-0.01777777778,0.002666666667,-0.01360185185,0.1463796296,0.3560740741,-0.008518518519,-0.02383333333,0.1165,-0.01360185185,0.05037962963,0.1928888889,0.260962963,-0.0102962963,0.008888888889,-0.01244444444,-0.01688888889,-0.01244444444,0.007111111111
0.008,-0.022,-0.02,0.003,-0.01486805556,0.1694513889,0.3241944444,-0.01652777778,-0.02420833333,0.1597083333,-0.01486805556,0.06145138889,0.217,0.2171944444,-0.01852777778,0.01,-0.014,-0.019,-0.014,0.008
0.008,-0.022,-0.02,0.003,-0.014,0.179,0.286,-0.02,-0.019,0.217,-0.014,0.071,0.217,0.179,-0.022,0.01,-0.014,-0.019,-0.014,0.008
0,0,0,0,0,0,0.1111111111,0.1111111111,0,0,0,0,0,0.3611111111,0.3611111111,0,0,0,0.02777777778,0.02777777778
0,0,0,0,0,0,0.1769547325,0.04526748971,0,0,0,0,0,0.5751028807,0.1471193416,0,0,0,0.04423868313,0.01131687243
0.002633744856,-0.009300411523,-0.01310013717,0.0003017832647,-0.005037722908,0.0391255144,0.2134979424,0.01570644719,-0.01037037037,0.01691358025,-0.006580932785,0.001426611797,0.148600823,0.513233882,0.04282578875,0.00329218107,-0.003323045267,0.006090534979,0.03902949246,0.005034293553
0.00438957476,-0.01515775034,-0.01714677641,0.001303155007,-0.00811042524,0.0636659808,0.1994513032,-0.001028806584,-0.01454046639,0.06454046639,-0.009653635117,0.02301097394,0.2877914952,0.3723079561,0.00987654321,0.00548696845,-0.005538408779,0.01632373114,0.01760973937,0.005418381344
0,0,0,0,0,0,0.1481481481,0.1481481481,0,0,0,0,0,0.3425925926,0.3425925926,0,0,0,0.009259259259,0.009259259259
0,0,0,0,0,0,0.2325102881,0.05967078189,0,0,0,0,0,0.54218107,0.1450617284,0,0,0,0.01543209877,0.005144032922
0.003160493827,-0.01074897119,-0.0144170096,0.0004993141289,-0.00604526749,0.04996844993,0.2733100137,0.02107681756,-0.01316460905,0.01679835391,-0.007074074074,0.01107407407,0.1340823045,0.4815528121,0.04583539095,0.003950617284,-0.005016460905,-0.002362139918,0.01298765432,0.00453223594
0.005267489712,-0.01757201646,-0.01934156379,0.001632373114,-0.009732510288,0.08236625514,0.2543278464,-0.0003086419753,-0.01816872428,0.07395061728,-0.01076131687,0.03354595336,0.2488477366,0.3620301783,0.009862825789,0.00658436214,-0.008360768176,-0.001193415638,0.001069958848,0.005953360768
0,0,0,0,0,0,0.1944444444,0.1944444444,0,0,0,0,0,0.3055555556,0.3055555556,0,0,0,0,0
0,0,0,0,0,0,0.3024691358,0.08024691358,0,0,0,0,0,0.4814814815,0.1358024691,0,0,0,0,0
0.003555555556,-0.01132098765,-0.01377572016,0.0008189300412,-0.007058127572,0.05955812757,0.340845679,0.02917695473,-0.01500308642,0.01966975309,-0.007572530864,0.01676646091,0.1145771605,0.4288996914,0.04680658436,0.004444444444,-0.006029320988,-0.006515432099,-0.001399691358,0.003555555556
0.005925925926,-0.01861111111,-0.01944444444,0.001965020576,-0.01120627572,0.1015354938,0.3149897119,0.002160493827,-0.02063271605,0.08396604938,-0.01172067901,0.039218107,0.2004783951,0.3362319959,0.009423868313,0.007407407407,-0.01004886831,-0.009830246914,-0.007734053498,0.005925925926
0,0,0,0,0,0,0.25,0.25,0,0,0,0,0,0.25,0.25,0,0,0,0,0
0,0,0,0,0,0,0.3888888889,0.1111111111,0,0,0,0,0,0.3888888889,0.1111111111,0,0,0,0,0
0.003555555556,-0.009777777778,-0.008888888889,0.001333333333,-0.00737962963,0.06682407407,0.4095185185,0.04203703704,-0.01538888889,0.02005555556,-0.00737962963,0.01882407407,0.09644444444,0.361962963,0.04114814815,0.004444444444,-0.006222222222,-0.008444444444,-0.006222222222,0.003555555556
0.005925925926,-0.0162962963,-0.01481481481,0.002222222222,-0.01152777778,0.1198611111,0.3738888889,0.008333333333,-0.02101851852,0.08435185185,-0.01152777778,0.03986111111,0.1607407407,0.2946296296,0.006851851852,0.007407407407,-0.01037037037,-0.01407407407,-0.01037037037,0.005925925926
0.005925925926,-0.0162962963,-0.01481481481,0.002222222222,-0.004583333333,0.1731018519,0.1609259259,-0.01944444444,0.02064814815,0.4037962963,-0.004583333333,0.09310185185,0.1607407407,0.08166666667,-0.02092592593,0.007407407407,-0.01037037037,-0.01407407407,-0.01037037037,0.005925925926
0.003555555556,-0.009777777778,-0.008888888889,0.001333333333,0.006509259259,0.1501574074,0.07618518519,-0.01351851852,0.06794444444,0.5200555556,0.006509259259,0.1021574074,0.09644444444,0.02862962963,-0.01440740741,0.004444444444,-0.006222222222,-0.008444444444,-0.006222222222,0.003555555556
0,0,0,0,0.02777777778,0.09722222222,0,0,0.1666666667,0.5833333333,0.02777777778,0.09722222222,0,0,0,0,0,0,0,0
0,0,0,0,0.0625,0.0625,0,0,0.375,0.375,0.0625,0.0625,0,0,0,0,0,0,0,0
0.006054526749,-0.01333847737,-0.01301440329,0.002222222222,-0.0006610082305,0.228593107,0.1781584362,-0.02047325103,0.02180555556,0.4026388889,-0.005933641975,0.05657921811,0.119845679,0.08430298354,-0.02041152263,0.007407407407,-0.01184927984,-0.01716049383,-0.01069187243,0.005925925926
0.003684156379,-0.007848765432,-0.007860082305,0.001333333333,0.01544701646,0.2129789095,0.08235802469,-0.0145473251,0.06987345679,0.5181265432,0.003229938272,0.04325823045,0.07715432099,0.03268055556,-0.01389300412,0.004444444444,-0.008344135802,-0.009216049383,-0.006415123457,0.003555555556
0,0,0,0,0.04552469136,0.1597222222,0,0,0.1712962963,0.5787037037,0.01157407407,0.03317901235,0,0,0,0,0,0,0,0
0,0,0,0,0.1041666667,0.1041666667,0,0,0.375,0.375,0.02083333333,0.02083333333,0,0,0,0,0,0,0,0
0.00561042524,-0.006598079561,-0.009396433471,0.001803840878,0.006899862826,0.3018449931,0.1924279835,-0.01917009602,0.02144032922,0.3573868313,-0.006646090535,0.03380315501,0.08835390947,0.07593621399,-0.01808641975,0.00658436214,-0.01118998628,-0.0166255144,-0.009646776406,0.005267489712
0.003503429355,-0.003547325103,-0.006186556927,0.001013717421,0.03047736626,0.3009972565,0.08761042524,-0.01390260631,0.06553909465,0.4596995885,0.0001275720165,0.01184567901,0.06000823045,0.03067832647,-0.01229218107,0.003950617284,-0.008360082305,-0.008534979424,-0.005788065844,0.003160493827
0,0,0,0,0.07407407407,0.2530864198,0,0,0.1604938272,0.512345679,0,0,0,0,0,0,0,0,0,0
0,0,0,0,0.1666666667,0.1666666667,0,0,0.3333333333,0.3333333333,0,0,0,0,0,0,0,0,0,0
0.005418381344,0.00987654321,-0.001028806584,0.001303155007,0.01760973937,0.3723079561,0.1994513032,-0.01714677641,0.01632373114,0.2877914952,-0.005538408779,0.02301097394,0.06454046639,0.0636659808,-0.01515775034,0.00548696845,-0.009653635117,-0.01454046639,-0.00811042524,0.00438957476
0.004348422497,0.009903978052,-0.002469135802,0.0006447187929,0.05068930041,0.3928635117,0.08969821674,-0.01275720165,0.05135802469,0.3656790123,0.0001063100137,0.001941015089,0.04572016461,0.0262654321,-0.01032921811,0.00329218107,-0.007438271605,-0.007283950617,-0.004866255144,0.002633744856
0,0,0,0,0.1203703704,0.3796296296,0,0,0.1203703704,0.3796296296,0,0,0,0,0,0,0,0,0,0
0,0,0,0,0.25,0.25,0,0,0.25,0.25,0,0,0,0,0,0,0,0,0,0
0.008,-0.022,-0.02,0.003,-0.014,0.179,0.286,-0.02,-0.019,0.217,-0.014,0.071,0.217,0.179,-0.022,0.01,-0.014,-0.019,-0.014,0.008
0.008,-0.022,-0.02,0.003,-0.01313194444,0.1885486111,0.2478055556,-0.02347222222,-0.01379166667,0.2742916667,-0.01313194444,0.08054861111,0.217,0.1408055556,-0.02547222222,0.01,-0.014,-0.019,-0.014,0.008
0.007111111111,-0.01955555556,-0.01777777778,0.002666666667,-0.01012962963,0.1845740741,0.2032962963,-0.02240740741,-0.003,0.3456666667,-0.01012962963,0.08857407407,0.1928888889,0.1081851852,-0.02418518519,0.008888888889,-0.01244444444,-0.01688888889,-0.01244444444,0.007111111111
0.005925925926,-0.0162962963,-0.01481481481,0.002222222222,-0.004583333333,0.1731018519,0.1609259259,-0.01944444444,0.02064814815,0.4037962963,-0.004583333333,0.09310185185,0.1607407407,0.08166666667,-0.02092592593,0.007407407407,-0.01037037037,-0.01407407407,-0.01037037037,0.005925925926
0.008,-0.01852777778,-0.01652777778,0.003,-0.014,0.2171944444,0.3241944444,-0.02,-0.019,0.217,-0.014,0.06145138889,0.1597083333,0.1694513889,-0.022,0.01,-0.01486805556,-0.02420833333,-0.01486805556,0.008
0.008,-0.01814197531,-0.01729938272,0.003,-0.0128908179,0.2344108796,0.2775123457,-0.02424382716,-0.01350231481,0.2740023148,-0.01327662037,0.06473070988,0.1594189815,0.1389247685,-0.02508641975,0.01,-0.01501273148,-0.02391898148,-0.01462692901,0.008
0.007239711934,-0.01608333333,-0.01559156379,0.002666666667,-0.008715020576,0.2364002058,0.226058642,-0.02343621399,-0.002228395062,0.3448950617,-0.0105154321,0.06323971193,0.141191358,0.1101141975,-0.02367078189,0.008888888889,-0.01360185185,-0.02113271605,-0.01283024691,0.007111111111
0.006054526749,-0.01333847737,-0.01301440329,0.002222222222,-0.0006610082305,0.228593107,0.1781584362,-0.02047325103,0.02180555556,0.4026388889,-0.005933641975,0.05657921811,0.119845679,0.08430298354,-0.02041152263,0.007407407407,-0.01184927984,-0.01716049383,-0.01069187243,0.005925925926
0.007111111111,-0.0102962963,-0.008518518519,0.002666666667,-0.01244444444,0.260962963,0.3560740741,-0.01777777778,-0.01688888889,0.1928888889,-0.01244444444,0.05037962963,0.1165,0.1463796296,-0.01955555556,0.008888888889,-0.01360185185,-0.02383333333,-0.01360185185,0.007111111111
0.007111111111,-0.009267489712,-0.01134773663,0.002538065844,-0.01090123457,0.2898981481,0.3020617284,-0.02227880658,-0.01148765432,0.2434290123,-0.01205864198,0.05044393004,0.1161141975,0.122524177,-0.02225617284,0.008888888889,-0.01379475309,-0.02344753086,-0.01328034979,0.007111111111
0.006663923182,-0.00812345679,-0.01100137174,0.002198902606,-0.004888888889,0.3022688615,0.2448367627,-0.02180384088,-0.0006090534979,0.3062304527,-0.01003292181,0.044781893,0.102526749,0.09856515775,-0.02098353909,0.007901234568,-0.01260493827,-0.02067078189,-0.01157613169,0.006320987654
0.00561042524,-0.006598079561,-0.009396433471,0.001803840878,0.006899862826,0.3018449931,0.1924279835,-0.01917009602,0.02144032922,0.3573868313,-0.006646090535,0.03380315501,0.08835390947,0.07593621399,-0.01808641975,0.00658436214,-0.01118998628,-0.0166255144,-0.009646776406,0.005267489712
0.005925925926,0.006851851852,0.008333333333,0.002222222222,-0.01037037037,0.2946296296,0.3738888889,-0.01481481481,-0.01407407407,0.1607407407,-0.01037037037,0.03986111111,0.08435185185,0.1198611111,-0.0162962963,0.007407407407,-0.01152777778,-0.02101851852,-0.01152777778,0.005925925926
0.005925925926,0.009423868313,0.002160493827,0.001965020576,-0.007734053498,0.3362319959,0.3149897119,-0.01944444444,-0.009830246914,0.2004783951,-0.01004886831,0.039218107,0.08396604938,0.1015354938,-0.01861111111,0.007407407407,-0.01172067901,-0.02063271605,-0.01120627572,0.005925925926
0.005953360768,0.009862825789,-0.0003086419753,0.001632373114,0.001069958848,0.3620301783,0.2543278464,-0.01934156379,-0.001193415638,0.2488477366,-0.008360768176,0.03354595336,0.07395061728,0.08236625514,-0.01757201646,0.00658436214,-0.01076131687,-0.01816872428,-0.009732510288,0.005267489712
0.005418381344,0.00987654321,-0.001028806584,0.001303155007,0.01760973937,0.3723079561,0.1994513032,-0.01714677641,0.01632373114,0.2877914952,-0.005538408779,0.02301097394,0.06454046639,0.0636659808,-0.01515775034,0.00548696845,-0.009653635117,-0.01454046639,-0.00811042524,0.00438957476
0.005925925926,-0.0162962963,-0.01481481481,0.002222222222,-0.01152777778,0.1198611111,0.3738888889,0.008333333333,-0.02101851852,0.08435185185,-0.01152777778,0.03986111111,0.1607407407,0.2946296296,0.006851851852,0.007407407407,-0.01037037037,-0.01407407407,-0.01037037037,0.005925925926
0.007111111111,-0.01955555556,-0.01777777778,0.002666666667,-0.01360185185,0.1463796296,0.3560740741,-0.008518518519,-0.02383333333,0.1165,-0.01360185185,0.05037962963,0.1928888889,0.260962963,-0.0102962963,0.008888888889,-0.01244444444,-0.01688888889,-0.01244444444,0.007111111111
0.008,-0.022,-0.02,0.003,-0.01486805556,0.1694513889,0.3241944444,-0.01652777778,-0.02420833333,0.1597083333,-0.01486805556,0.06145138889,0.217,0.2171944444,-0.01852777778,0.01,-0.014,-0.019,-0.014,0.008
0.008,-0.022,-0.02,0.003,-0.014,0.179,0.286,-0.02,-0.019,0.217,-0.014,0.071,0.217,0.179,-0.022,0.01,-0.014,-0.019,-0.014,0.008
0.005925925926,-0.01398148148,-0.01018518519,0.002479423868,-0.01184927984,0.1381867284,0.4327880658,0.01450617284,-0.02140432099,0.08473765432,-0.01133487654,0.04050411523,0.1210030864,0.2530272634,0.004279835391,0.007407407407,-0.01069187243,-0.01831790123,-0.01300668724,0.005925925926
0.007111111111,-0.01685493827,-0.01327674897,0.00279526749,-0.01392335391,0.1702350823,0.4100864198,-0.005689300412,-0.0242191358,0.1168858025,-0.01340895062,0.05031532922,0.1423487654,0.2320277778,-0.01132510288,0.008888888889,-0.01283024691,-0.02229012346,-0.01398765432,0.007111111111
0.008,-0.01891358025,-0.01575617284,0.003,-0.0151091821,0.1999780093,0.3708765432,-0.01575617284,-0.02449768519,0.1599976852,-0.01472337963,0.0581720679,0.1599976852,0.1999780093,-0.01891358025,0.01,-0.01472337963,-0.02449768519,-0.0151091821,0.008
0.008,-0.01852777778,-0.01652777778,0.003,-0.014,0.2171944444,0.3241944444,-0.02,-0.019,0.217,-0.014,0.06145138889,0.1597083333,0.1694513889,-0.022,0.01,-0.01486805556,-0.02420833333,-0.01486805556,0.008
0.005267489712,-0.008312757202,0.00243484225,0.003347050754,-0.01127572016,0.1554115226,0.4786076818,0.020781893,-0.01971193416,0.07549382716,-0.009732510288,0.03637517147,0.08989711934,0.2069375857,0.00317558299,0.00658436214,-0.009646776406,-0.01816872428,-0.01273319616,0.005267489712
0.006320987654,-0.01018106996,-0.001742112483,0.003056241427,-0.01311934156,0.1937297668,0.4536844993,-0.001742112483,-0.02221399177,0.1040699588,-0.01157613169,0.044781893,0.1040699588,0.1937297668,-0.01018106996,0.007901234568,-0.01157613169,-0.02221399177,-0.01311934156,0.006320987654
0.007111111111,-0.01132510288,-0.005689300412,0.00279526749,-0.01398765432,0.2320277778,0.4100864198,-0.01327674897,-0.02229012346,0.1423487654,-0.01283024691,0.05031532922,0.1168858025,0.1702350823,-0.01685493827,0.008888888889,-0.01340895062,-0.0242191358,-0.01392335391,0.007111111111
0.007111111111,-0.0102962963,-0.008518518519,0.002666666667,-0.01244444444,0.260962963,0.3560740741,-0.01777777778,-0.01688888889,0.1928888889,-0.01244444444,0.05037962963,0.1165,0.1463796296,-0.01955555556,0.008888888889,-0.01360185185,-0.02383333333,-0.01360185185,0.007111111111
0.00438957476,0.002674897119,0.02640603567,0.004732510288,-0.01119684499,0.163803155,0.5043209877,0.02640603567,-0.01608367627,0.06608367627,-0.00811042524,0.02952674897,0.06608367627,0.163803155,0.002674897119,0.00548696845,-0.00811042524,-0.01608367627,-0.01119684499,0.00438957476
0.005267489712,0.00317558299,0.020781893,0.003347050754,-0.01273319616,0.2069375857,0.4786076818,0.00243484225,-0.01816872428,0.08989711934,-0.009646776406,0.03637517147,0.07549382716,0.1554115226,-0.008312757202,0.00658436214,-0.009732510288,-0.01971193416,-0.01127572016,0.005267489712
0.005925925926,0.004279835391,0.01450617284,0.002479423868,-0.01300668724,0.2530272634,0.4327880658,-0.01018518519,-0.01831790123,0.1210030864,-0.01069187243,0.04050411523,0.08473765432,0.1381867284,-0.01398148148,0.007407407407,-0.01133487654,-0.02140432099,-0.01184927984,0.005925925926
0.005925925926,0.006851851852,0.008333333333,0.002222222222,-0.01037037037,0.2946296296,0.3738888889,-0.01481481481,-0.01407407407,0.1607407407,-0.01037037037,0.03986111111,0.08435185185,0.1198611111,-0.0162962963,0.007407407407,-0.01152777778,-0.02101851852,-0.01152777778,0.005925925926
0,0,0,0,0,0,0.25,0.25,0,0,0,0,0,0.25,0.25,0,0,0,0,0
0,0,0,0,0,0,0.3888888889,0.1111111111,0,0,0,0,0,0.3888888889,0.1111111111,0,0,0,0,0
0.003555555556,-0.009777777778,-0.008888888889,0.001333333333,-0.00737962963,0.06682407407,0.4095185185,0.04203703704,-0.01538888889,0.02005555556,-0.00737962963,0.01882407407,0.09644444444,0.361962963,0.04114814815,0.004444444444,-0.006222222222,-0.008444444444,-0.006222222222,0.003555555556
0.005925925926,-0.0162962963,-0.01481481481,0.002222222222,-0.01152777778,0.1198611111,0.3738888889,0.008333333333,-0.02101851852,0.08435185185,-0.01152777778,0.03986111111,0.1607407407,0.2946296296,0.006851851852,0.007407407407,-0.01037037037,-0.01407407407,-0.01037037037,0.005925925926
0,0,0,0,0,0,0.3055555556,0.3055555556,0,0,0,0,0,0.1944444444,0.1944444444,0,0,0,0,0
0,0,0,0,0,0,0.475308642,0.1419753086,0,0,0,0,0,0.2962962963,0.08641975309,0,0,0,0,0
0.003555555556,-0.008234567901,-0.004002057613,0.001847736626,-0.007701131687,0.07409002058,0.478191358,0.05489711934,-0.01577469136,0.02044135802,-0.007186728395,0.02088168724,0.0783117284,0.2950262346,0.03548971193,0.004444444444,-0.006415123457,-0.01037345679,-0.01104475309,0.003555555556
0.005925925926,-0.01398148148,-0.01018518519,0.002479423868,-0.01184927984,0.1381867284,0.4327880658,0.01450617284,-0.02140432099,0.08473765432,-0.01133487654,0.04050411523,0.1210030864,0.2530272634,0.004279835391,0.007407407407,-0.01069187243,-0.01831790123,-0.01300668724,0.005925925926
0,0,0.009259259259,0.009259259259,0,0,0.3425925926,0.3425925926,0,0,0,0,0,0.1481481481,0.1481481481,0,0,0,0,0
0,0,0.01543209877,0.005144032922,0,0,0.5257201646,0.1615226337,0,0,0,0,0,0.2242798354,0.06790123457,0,0,0,0,0
0.003160493827,-0.004576131687,0.01078875171,0.00392866941,-0.007588477366,0.07877503429,0.5284540466,0.06582990398,-0.01470781893,0.01834156379,-0.00604526749,0.0195617284,0.06155144033,0.2333532236,0.02988888889,0.003950617284,-0.005788065844,-0.0100781893,-0.01196090535,0.003160493827
0.005267489712,-0.008312757202,0.00243484225,0.003347050754,-0.01127572016,0.1554115226,0.4786076818,0.020781893,-0.01971193416,0.07549382716,-0.009732510288,0.03637517147,0.08989711934,0.2069375857,0.00317558299,0.00658436214,-0.009646776406,-0.01816872428,-0.01273319616,0.005267489712
0,0,0.02777777778,0.02777777778,0,0,0.3611111111,0.3611111111,0,0,0,0,0,0.1111111111,0.1111111111,0,0,0,0,0
0,0,0.04218106996,0.0133744856,0,0,0.5483539095,0.1738683128,0,0,0,0,0,0.1687242798,0.05349794239,0,0,0,0,0
0.002633744856,0.001673525377,0.03765432099,0.007503429355,-0.008124142661,0.07753429355,0.5557475995,0.0743484225,-0.01191358025,0.01845679012,-0.005037722908,0.01582990398,0.04726337449,0.1805864198,0.02465020576,0.00329218107,-0.004866255144,-0.008827160494,-0.01103909465,0.002633744856
0.00438957476,0.002674897119,0.02640603567,0.004732510288,-0.01119684499,0.163803155,0.5043209877,0.02640603567,-0.01608367627,0.06608367627,-0.00811042524,0.02952674897,0.06608367627,0.163803155,0.002674897119,0.00548696845,-0.00811042524,-0.01608367627,-0.01119684499,0.00438957476
0.005418381344,0.00987654321,-0.001028806584,0.001303155007,0.01760973937,0.3723079561,0.1994513032,-0.01714677641,0.01632373114,0.2877914952,-0.005538408779,0.02301097394,0.06454046639,0.0636659808,-0.01515775034,0.00548696845,-0.009653635117,-0.01454046639,-0.00811042524,0.00438957476
0.004348422497,0.009903978052,-0.002469135802,0.0006447187929,0.05068930041,0.3928635117,0.08969821674,-0.01275720165,0.05135802469,0.3656790123,0.0001063100137,0.001941015089,0.04572016461,0.0262654321,-0.01032921811,0.00329218107,-0.007438271605,-0.007283950617,-0.004866255144,0.002633744856
0,0,0,0,0.1203703704,0.3796296296,0,0,0.1203703704,0.3796296296,0,0,0,0,0,0,0,0,0,0
0,0,0,0,0.25,0.25,0,0,0.25,0.25,0,0,0,0,0,0,0,0,0,0
0.005034293553,0.04282578875,0.01570644719,0.0003017832647,0.03902949246,0.513233882,0.2134979424,-0.01310013717,0.006090534979,0.148600823,-0.003323045267,0.001426611797,0.01691358025,0.0391255144,-0.009300411523,0.00329218107,-0.006580932785,-0.01037037037,-0.005037722908,0.002633744856
0.006038408779,0.03680658436,0.004965706447,-9.327846365e-05,0.09111316872,0.5765960219,0.09387379973,-0.01046639232,0.02299588477,0.1776378601,6.378600823e-05,-0.01786831276,0.01714403292,0.01743964335,-0.006403292181,0.001975308642,-0.005594650206,-0.004781893004,-0.003022633745,0.001580246914
0,0,0,0,0.212962963,0.6327160494,0,0,0.04012345679,0.1141975309,0,0,0,0,0,0,0,0,0,0
0,0,0,0,0.4166666667,0.4166666667,0,0,0.08333333333,0.08333333333,0,0,0,0,0,0,0,0,0,0
0.01131687243,0.1471193416,0.04526748971,0,0.04423868313,0.5751028807,0.1769547325,0,0,0,0,0,0,0,0,0,0,0,0,0
0.02366255144,0.1512345679,0.01646090535,0,0.1018518519,0.6409465021,0.0658436214,0,0,0,0,0,0,0,0,0,0,0,0,0
0.0462962963,0.1327160494,0,0,0.2191358025,0.6018518519,0,0,0,0,0,0,0,0,0,0,0,0,0,0
0.08333333333,0.08333333333,0,0,0.4166666667,0.4166666667,0,0,0,0,0,0,0,0,0,0,0,0,0,0
0.02777777778,0.3611111111,0.1111111111,0,0.02777777778,0.3611111111,0.1111111111,0,0,0,0,0,0,0,0,0,0,0,0,0
0.06481481481,0.3981481481,0.03703703704,0,0.06481481481,0.3981481481,0.03703703704,0,0,0,0,0,0,0,0,0,0,0,0,0
0.1388888889,0.3611111111,0,0,0.1388888889,0.3611111111,0,0,0,0,0,0,0,0,0,0,0,0,0,0
0.25,0.25,0,0,0.25,0.25,0,0,0,0,0,0,0,0,0,0,0,0,0,0
0.005925925926,0.006851851852,0.008333333333,0.002222222222,-0.01037037037,0.2946296296,0.3738888889,-0.01481481481,-0.01407407407,0.1607407407,-0.01037037037,0.03986111111,0.08435185185,0.1198611111,-0.0162962963,0.007407407407,-0.01152777778,-0.02101851852,-0.01152777778,0.005925925926
0.005925925926,0.009423868313,0.002160493827,0.001965020576,-0.007734053498,0.3362319959,0.3149897119,-0.01944444444,-0.009830246914,0.2004783951,-0.01004886831,0.039218107,0.08396604938,0.1015354938,-0.01861111111,0.007407407407,-0.01172067901,-0.02063271605,-0.01120627572,0.005925925926
0.005953360768,0.009862825789,-0.0003086419753,0.001632373114,0.001069958848,0.3620301783,0.2543278464,-0.01934156379,-0.001193415638,0.2488477366,-0.008360768176,0.03354595336,0.07395061728,0.08236625514,-0.01757201646,0.00658436214,-0.01076131687,-0.01816872428,-0.009732510288,0.005267489712
0.005418381344,0.00987654321,-0.001028806584,0.001303155007,0.01760973937,0.3723079561,0.1994513032,-0.01714677641,0.01632373114,0.2877914952,-0.005538408779,0.02301097394,0.06454046639,0.0636659808,-0.01515775034,0.00548696845,-0.009653635117,-0.01454046639,-0.00811042524,0.00438957476
0.003555555556,0.04114814815,0.04203703704,0.001333333333,-0.006222222222,0.361962963,0.4095185185,-0.008888888889,-0.008444444444,0.09644444444,-0.006222222222,0.01882407407,0.02005555556,0.06682407407,-0.009777777778,0.004444444444,-0.00737962963,-0.01538888889,-0.00737962963,0.003555555556
0.003555555556,0.04680658436,0.02917695473,0.0008189300412,-0.001399691358,0.4288996914,0.340845679,-0.01377572016,-0.006515432099,0.1145771605,-0.006029320988,0.01676646091,0.01966975309,0.05955812757,-0.01132098765,0.004444444444,-0.007572530864,-0.01500308642,-0.007058127572,0.003555555556
0.00453223594,0.04583539095,0.02107681756,0.0004993141289,0.01298765432,0.4815528121,0.2733100137,-0.0144170096,-0.002362139918,0.1340823045,-0.005016460905,0.01107407407,0.01679835391,0.04996844993,-0.01074897119,0.003950617284,-0.007074074074,-0.01316460905,-0.00604526749,0.003160493827
0.005034293553,0.04282578875,0.01570644719,0.0003017832647,0.03902949246,0.513233882,0.2134979424,-0.01310013717,0.006090534979,0.148600823,-0.003323045267,0.001426611797,0.01691358025,0.0391255144,-0.009300411523,0.00329218107,-0.006580932785,-0.01037037037,-0.005037722908,0.002633744856
0,0.1111111111,0.1111111111,0,0,0.3888888889,0.3888888889,0,0,0,0,0,0,0,0,0,0,0,0,0
0,0.1358024691,0.08024691358,0,0,0.4814814815,0.3024691358,0,0,0,0,0,0,0,0,0,0,0,0,0
0.005144032922,0.1450617284,0.05967078189,0,0.01543209877,0.54218107,0.2325102881,0,0,0,0,0,0,0,0,0,0,0,0,0
0.01131687243,0.1471193416,0.04526748971,0,0.04423868313,0.5751028807,0.1769547325,0,0,0,0,0,0,0,0,0,0,0,0,0
0,0.25,0.25,0,0,0.25,0.25,0,0,0,0,0,0,0,0,0,0,0,0,0
0,0.3055555556,0.1944444444,0,0,0.3055555556,0.1944444444,0,0,0,0,0,0,0,0,0,0,0,0,0
0.009259259259,0.3425925926,0.1481481481,0,0.009259259259,0.3425925926,0.1481481481,0,0,0,0,0,0,0,0,0,0,0,0,0
0.02777777778,0.3611111111,0.1111111111,0,0.02777777778,0.3611111111,0.1111111111,0,0,0,0,0,0,0,0,0,0,0,0,0
0.00438957476,0.002674897119,0.02640603567,0.004732510288,-0.01119684499,0.163803155,0.5043209877,0.02640603567,-0.01608367627,0.06608367627,-0.00811042524,0.02952674897,0.06608367627,0.163803155,0.002674897119,0.00548696845,-0.00811042524,-0.01608367627,-0.01119684499,0.00438957476
0.005267489712,0.00317558299,0.020781893,0.003347050754,-0.01273319616,0.2069375857,0.4786076818,0.00243484225,-0.01816872428,0.08989711934,-0.009646776406,0.03637517147,0.07549382716,0.1554115226,-0.008312757202,0.00658436214,-0.009732510288,-0.01971193416,-0.01127572016,0.005267489712
0.005925925926,0.004279835391,0.01450617284,0.002479423868,-0.01300668724,0.2530272634,0.4327880658,-0.01018518519,-0.01831790123,0.1210030864,-0.01069187243,0.04050411523,0.08473765432,0.1381867284,-0.01398148148,0.007407407407,-0.01133487654,-0.02140432099,-0.01184927984,0.005925925926
0.005925925926,0.006851851852,0.008333333333,0.002222222222,-0.01037037037,0.2946296296,0.3738888889,-0.01481481481,-0.01407407407,0.1607407407,-0.01037037037,0.03986111111,0.08435185185,0.1198611111,-0.0162962963,0.007407407407,-0.01152777778,-0.02101851852,-0.01152777778,0.005925925926
0.002633744856,0.02465020576,0.0743484225,0.007503429355,-0.01103909465,0.1805864198,0.5557475995,0.03765432099,-0.008827160494,0.04726337449,-0.004866255144,0.01582990398,0.01845679012,0.07753429355,0.001673525377,0.00329218107,-0.005037722908,-0.01191358025,-0.008124142661,0.002633744856
0.003160493827,0.02988888889,0.06582990398,0.00392866941,-0.01196090535,0.2333532236,0.5284540466,0.01078875171,-0.0100781893,0.06155144033,-0.005788065844,0.0195617284,0.01834156379,0.07877503429,-0.004576131687,0.003950617284,-0.00604526749,-0.01470781893,-0.007588477366,0.003160493827
0.003555555556,0.03548971193,0.05489711934,0.001847736626,-0.01104475309,0.2950262346,0.478191358,-0.004002057613,-0.01037345679,0.0783117284,-0.006415123457,0.02088168724,0.02044135802,0.07409002058,-0.008234567901,0.004444444444,-0.007186728395,-0.01577469136,-0.007701131687,0.003555555556
0.003555555556,0.04114814815,0.04203703704,0.001333333333,-0.006222222222,0.361962963,0.4095185185,-0.008888888889,-0.008444444444,0.09644444444,-0.006222222222,0.01882407407,0.02005555556,0.06682407407,-0.009777777778,0.004444444444,-0.00737962963,-0.01538888889,-0.00737962963,0.003555555556
0,0.05349794239,0.1738683128,0.0133744856,0,0.1687242798,0.5483539095,0.04218106996,0,0,0,0,0,0,0,0,0,0,0,0
0,0.06790123457,0.1615226337,0.005144032922,0,0.2242798354,0.5257201646,0.01543209877,0,0,0,0,0,0,0,0,0,0,0,0
0,0.08641975309,0.1419753086,0,0,0.2962962963,0.475308642,0,0,0,0,0,0,0,0,0,0,0,0,0
0,0.1111111111,0.1111111111,0,0,0.3888888889,0.3888888889,0,0,0,0,0,0,0,0,0,0,0,0,0
0,0.1111111111,0.3611111111,0.02777777778,0,0.1111111111,0.3611111111,0.02777777778,0,0,0,0,0,0,0,0,0,0,0,0
0,0.1481481481,0.3425925926,0.009259259259,0,0.1481481481,0.3425925926,0.009259259259,0,0,0,0,0,0,0,0,0,0,0,0
0,0.1944444444,0.3055555556,0,0,0.1944444444,0.3055555556,0,0,0,0,0,0,0,0,0,0,0,0,0
0,0.25,0.25,0,0,0.25,0.25,0,0,0,0,0,0,0,0,0,0,0,0,0
0,0,0.02777777778,0.02777777778,0,0,0.3611111111,0.3611111111,0,0,0,0,0,0.1111111111,0.1111111111,0,0,0,0,0
0,0,0.04218106996,0.0133744856,0,0,0.5483539095,0.1738683128,0,0,0,0,0,0.1687242798,0.05349794239,0,0,0,0,0
0.002633744856,0.001673525377,0.03765432099,0.007503429355,-0.008124142661,0.07753429355,0.5557475995,0.0743484225,-0.01191358025,0.01845679012,-0.005037722908,0.01582990398,0.04726337449,0.1805864198,0.02465020576,0.00329218107,-0.004866255144,-0.008827160494,-0.01103909465,0.002633744856
0.00438957476,0.002674897119,0.02640603567,0.004732510288,-0.01119684499,0.163803155,0.5043209877,0.02640603567,-0.01608367627,0.06608367627,-0.00811042524,0.02952674897,0.06608367627,0.163803155,0.002674897119,0.00548696845,-0.00811042524,-0.01608367627,-0.01119684499,0.00438957476
0,0,0.06481481481,0.06481481481,0,0,0.3981481481,0.3981481481,0,0,0,0,0,0.03703703704,0.03703703704,0,0,0,0,0
0,0,0.09567901235,0.02983539095,0,0,0.5936213992,0.1985596708,0,0,0,0,0,0.05761316872,0.02469135802,0,0,0,0,0
0.001580246914,0.01417283951,0.09138545953,0.01465294925,-0.009195473251,0.07505281207,0.6103347051,0.09138545953,-0.006325102881,0.0186872428,-0.003022633745,0.008366255144,0.0186872428,0.07505281207,0.01417283951,0.001975308642,-0.003022633745,-0.006325102881,-0.009195473251,0.001580246914
0.002633744856,0.02465020576,0.0743484225,0.007503429355,-0.01103909465,0.1805864198,0.5557475995,0.03765432099,-0.008827160494,0.04726337449,-0.004866255144,0.01582990398,0.01845679012,0.07753429355,0.001673525377,0.00329218107,-0.005037722908,-0.01191358025,-0.008124142661,0.002633744856
0,0,0.1388888889,0.1388888889,0,0,0.3611111111,0.3611111111,0,0,0,0,0,0,0,0,0,0,0,0
0,0,0.200617284,0.06481481481,0,0,0.5339506173,0.200617284,0,0,0,0,0,0,0,0,0,0,0,0
0,0.02469135802,0.1985596708,0.02983539095,0,0.05761316872,0.5936213992,0.09567901235,0,0,0,0,0,0,0,0,0,0,0,0
0,0.05349794239,0.1738683128,0.0133744856,0,0.1687242798,0.5483539095,0.04218106996,0,0,0,0,0,0,0,0,0,0,0,0
0,0,0.25,0.25,0,0,0.25,0.25,0,0,0,0,0,0,0,0,0,0,0,0
0,0,0.3611111111,0.1388888889,0,0,0.3611111111,0.1388888889,0,0,0,0,0,0,0,0,0,0,0,0
0,0.03703703704,0.3981481481,0.06481481481,0,0.03703703704,0.3981481481,0.06481481481,0,0,0,0,0,0,0,0,0,0,0,0
0,0.1111111111,0.3611111111,0.02777777778,0,0.1111111111,0.3611111111,0.02777777778,0,0,0,0,0,0,0,0,0,0,0,0
